RMSE,nRMSE,MAE,Training Scores,Testing Scores,Training Times
70.2725,0.1704,39.8447,93.3745,93.1421,0.09645223617553711
70.2718,0.1704,39.85,93.3745,93.1422,0.03179740905761719
67.6611,0.164,35.4635,94.6808,93.6423,152.64298105239868
67.5076,0.1637,34.2726,98.1796,93.6711,79.36769604682922
68.4845,0.166,36.8526,93.865,93.4866,9.284969806671143
68.6713,0.1665,35.0868,96.7693,93.451,23.610084533691406
73.5081,0.1782,38.1676,95.1409,92.496,0.1309223175048828
